Timestamp,CPU Usage (%),Memory Usage (%),Battery (%),Power Plugged
2025-05-05 13:05:04,6.7,79.7,94,False
2025-05-05 13:05:10,3.7,80.0,94,False
2025-05-05 13:05:16,5.7,79.9,93,False
2025-05-05 13:05:22,14.3,80.0,93,False
2025-05-05 13:05:28,4.8,80.5,93,False
2025-05-05 13:05:34,8.0,80.3,93,False
2025-05-05 13:05:40,7.1,80.0,93,False
2025-05-05 13:05:46,4.0,79.9,93,False
2025-05-05 13:05:52,6.4,79.8,93,False
2025-05-05 13:05:58,3.8,79.8,93,False
2025-05-05 13:06:04,7.1,79.8,93,False
2025-05-05 13:06:10,5.1,79.8,93,False
2025-05-05 13:06:16,26.2,80.0,93,False
2025-05-05 13:06:22,11.4,80.2,93,False
2025-05-05 13:06:28,8.7,80.4,93,False
2025-05-05 13:06:34,14.6,80.2,93,False
2025-05-05 13:06:40,3.9,79.5,93,False
2025-05-05 13:06:46,4.8,79.5,93,False
2025-05-05 13:06:52,10.2,79.9,93,False
2025-05-05 13:06:58,2.2,79.8,93,False
2025-05-05 13:07:04,6.5,79.8,92,False
2025-05-05 13:07:10,5.3,79.8,92,False
2025-05-05 13:07:16,7.1,79.8,92,False
2025-05-05 13:07:22,11.1,80.4,92,False
2025-05-05 13:07:28,5.0,80.5,92,False
2025-05-05 13:07:34,6.0,80.5,92,False
2025-05-05 13:07:40,7.3,80.5,92,False
2025-05-05 13:07:46,3.6,80.4,92,False
2025-05-05 13:07:52,7.3,80.2,92,False
2025-05-05 13:07:58,4.2,80.2,92,False
2025-05-05 13:08:04,5.2,80.2,92,False
2025-05-05 13:08:10,3.0,80.2,92,False
2025-05-05 13:08:16,19.1,81.3,92,False
2025-05-05 13:08:22,18.3,81.4,92,False
2025-05-05 13:08:28,8.5,81.2,92,False
2025-05-05 13:08:34,11.9,80.9,92,False
2025-05-05 13:08:40,4.5,80.6,92,False
2025-05-05 13:08:46,5.4,80.5,92,False
2025-05-05 13:08:52,11.7,79.5,91,False
2025-05-05 13:08:58,7.6,79.5,91,False
2025-05-05 13:09:04,7.3,79.8,91,False
2025-05-05 13:09:10,10.0,80.1,91,False
2025-05-05 13:09:16,7.2,79.9,91,False
2025-05-05 13:09:22,13.9,79.6,91,False
2025-05-05 13:09:28,6.7,79.7,91,False
2025-05-05 13:09:34,12.9,80.3,91,False
2025-05-05 13:09:40,12.5,80.3,91,False
2025-05-05 13:09:46,18.2,80.8,91,False
2025-05-05 13:09:53,17.8,79.9,91,False
2025-05-05 13:09:59,11.3,80.1,91,False
2025-05-05 13:10:05,13.2,80.4,91,False
2025-05-05 13:10:11,15.2,80.5,91,False
2025-05-05 13:10:17,14.4,80.6,91,False
2025-05-05 13:10:23,30.2,81.0,91,False
2025-05-05 13:10:29,4.2,80.9,91,False
2025-05-05 13:10:35,10.1,80.7,90,False
2025-05-05 13:10:41,3.9,81.1,90,False
2025-05-05 13:10:47,18.0,81.5,90,False
2025-05-05 13:10:53,4.6,81.2,90,False
2025-05-05 13:10:59,7.0,81.0,90,False
2025-05-05 13:11:05,2.7,81.0,90,False
2025-05-05 13:11:11,6.6,80.6,90,False
2025-05-05 13:11:17,3.2,80.6,90,False
2025-05-05 13:11:23,8.3,80.6,90,False
2025-05-05 13:11:29,8.6,80.8,90,False
2025-05-05 13:11:35,5.1,81.2,90,False
2025-05-05 13:11:41,5.4,78.5,90,False
2025-05-05 13:11:47,5.2,78.5,90,False
2025-05-05 13:11:53,6.5,78.9,90,False
2025-05-05 13:11:59,5.3,78.9,90,False
2025-05-05 13:12:05,4.9,78.9,90,False
2025-05-05 13:12:11,7.4,79.2,90,False
2025-05-05 13:12:17,12.5,79.1,89,False
2025-05-05 13:12:23,7.8,79.6,89,False
2025-05-05 13:12:29,4.4,79.5,89,False
2025-05-05 13:12:35,5.1,79.5,89,False
2025-05-05 13:12:41,6.0,79.8,89,False
2025-05-05 13:12:47,6.9,79.8,89,False
2025-05-05 13:12:53,5.6,79.7,89,False
2025-05-05 13:12:59,21.9,81.2,89,False
2025-05-05 13:13:05,19.7,81.7,89,False
2025-05-05 13:13:11,15.9,81.2,89,False
2025-05-05 13:13:17,6.6,81.4,89,False
2025-05-05 13:13:23,13.9,81.3,89,False
2025-05-05 13:13:29,11.1,81.1,89,False
2025-05-05 13:13:35,7.2,81.1,89,False
2025-05-05 13:13:41,9.7,81.1,89,False
2025-05-05 13:13:47,6.1,80.8,89,False
2025-05-05 13:13:53,12.8,81.0,89,False
2025-05-05 13:13:59,10.3,81.0,88,False
2025-05-05 13:14:05,17.2,80.6,88,False
2025-05-05 13:14:11,16.4,80.5,88,False
2025-05-05 13:14:17,16.5,80.7,88,False
2025-05-05 13:14:23,13.5,80.5,88,False
2025-05-05 13:14:29,12.5,80.4,88,False
2025-05-05 13:14:35,17.0,81.2,88,False
2025-05-05 13:14:41,17.5,82.0,88,False
2025-05-05 13:14:48,20.0,82.1,88,False
2025-05-05 13:14:54,15.8,81.9,88,False
2025-05-05 13:15:00,29.9,82.1,88,False
2025-05-05 13:15:06,27.0,82.6,88,False
2025-05-05 13:15:12,4.2,82.1,88,False
2025-05-05 13:15:18,9.1,82.0,88,False
2025-05-05 13:15:24,4.8,81.4,88,False
2025-05-05 13:15:30,13.9,81.7,88,False
2025-05-05 13:15:36,13.1,81.4,88,False
2025-05-05 13:15:42,6.6,81.2,87,False
2025-05-05 13:15:48,35.1,81.2,87,False
2025-05-05 13:15:54,20.2,81.7,87,False
2025-05-05 13:16:00,12.6,81.3,87,False
2025-05-05 13:16:06,5.7,81.3,87,False
2025-05-05 13:16:12,2.3,81.2,87,False
2025-05-05 13:16:18,23.4,81.5,87,False
2025-05-05 13:16:24,6.7,81.4,87,False
2025-05-05 13:16:30,4.4,81.2,87,False
2025-05-05 13:16:36,5.1,81.1,87,False
2025-05-05 13:16:42,11.4,79.4,87,False
2025-05-05 13:16:48,11.6,79.5,87,False
2025-05-05 13:16:55,20.9,79.8,87,False
2025-05-05 13:17:01,5.2,80.3,87,False
2025-05-05 13:17:07,4.1,80.2,87,False
2025-05-05 13:17:13,6.9,80.2,87,False
2025-05-05 13:17:19,13.9,80.3,87,False
2025-05-05 13:17:25,9.1,80.6,87,False
2025-05-05 13:17:31,3.7,80.2,87,False
2025-05-05 13:17:37,4.7,80.2,87,False
2025-05-05 13:17:43,5.3,80.2,87,False
2025-05-05 13:17:49,8.0,80.0,86,False
2025-05-05 13:17:55,18.9,80.0,86,False
2025-05-05 13:18:01,11.1,80.0,86,False
2025-05-05 13:18:07,1.6,80.0,86,False
2025-05-05 13:18:13,5.2,80.0,86,False
2025-05-05 13:18:19,8.6,79.8,86,False
2025-05-05 13:18:25,8.7,79.4,86,False
2025-05-05 13:18:31,2.9,79.4,86,False
2025-05-05 13:18:37,6.2,79.3,86,False
2025-05-05 13:18:43,3.6,79.6,86,False
2025-05-05 13:18:49,15.8,79.8,86,False
2025-05-05 13:18:55,15.0,79.7,86,False
2025-05-05 13:19:01,17.3,80.0,86,False
2025-05-05 13:19:07,5.0,80.0,86,False
2025-05-05 13:19:13,5.2,80.4,86,False
2025-05-05 13:19:19,4.7,80.4,86,False
2025-05-05 13:19:25,8.5,80.1,86,False
2025-05-05 13:19:31,4.3,80.1,86,False
2025-05-05 13:19:37,17.1,80.9,86,False
2025-05-05 13:19:43,22.7,80.9,86,False
2025-05-05 13:19:49,18.1,80.3,85,False
2025-05-05 13:19:56,9.9,79.1,85,False
2025-05-05 13:20:02,9.4,78.9,85,False
2025-05-05 13:20:08,8.0,78.6,85,False
2025-05-05 13:20:14,12.0,79.0,85,False
2025-05-05 13:20:20,9.3,79.1,85,False
2025-05-05 13:20:26,17.8,79.1,85,False
2025-05-05 13:20:32,3.0,79.0,85,False
2025-05-05 13:20:38,14.3,79.0,85,False
2025-05-05 13:20:44,5.1,79.1,85,False
2025-05-05 13:20:50,3.8,79.0,85,False
2025-05-05 13:20:56,10.9,79.0,85,False
2025-05-05 13:21:02,14.3,78.8,85,False
2025-05-05 13:21:08,3.8,79.1,85,False
2025-05-05 13:21:14,4.9,79.1,85,False
2025-05-05 13:21:20,4.8,78.9,85,False
2025-05-05 13:21:26,6.0,78.7,85,False
2025-05-05 13:21:32,6.0,78.7,85,False
2025-05-05 13:21:38,3.0,78.7,85,False
2025-05-05 13:21:44,8.1,78.4,85,False
2025-05-05 13:21:50,7.6,78.6,85,False
2025-05-05 13:21:56,10.1,79.1,84,False
2025-05-05 13:22:02,10.6,79.0,84,False
2025-05-05 13:22:08,5.9,79.3,84,False
2025-05-05 13:22:14,3.3,79.3,84,False
2025-05-05 13:22:20,8.4,79.3,84,False
2025-05-05 13:22:26,7.4,79.6,84,False
2025-05-05 13:22:32,11.3,79.7,84,False
2025-05-05 13:22:38,5.5,79.9,84,False
2025-05-05 13:22:44,8.7,79.3,84,False
2025-05-05 13:22:50,3.1,79.1,84,False
2025-05-05 13:22:56,22.3,79.8,84,False
2025-05-05 13:23:02,5.5,79.5,84,False
2025-05-05 13:23:08,6.5,79.2,84,False
2025-05-05 13:23:14,3.9,79.0,84,False
2025-05-05 13:23:20,4.5,78.9,84,False
2025-05-05 13:23:26,3.7,78.4,84,False
2025-05-05 13:23:32,12.6,79.0,84,False
2025-05-05 13:23:38,13.0,79.3,84,False
2025-05-05 13:23:44,4.6,78.8,84,False
2025-05-05 13:23:50,3.5,78.5,84,False
2025-05-05 13:23:56,6.4,78.4,84,False
2025-05-05 13:24:02,10.6,78.4,84,False
2025-05-05 13:24:08,6.8,78.4,83,False
2025-05-05 13:24:14,4.0,78.5,83,False
2025-05-05 13:24:20,7.1,78.7,83,False
2025-05-05 13:24:26,9.6,78.7,83,False
2025-05-05 13:24:32,12.1,78.4,83,False
2025-05-05 13:24:38,2.9,78.7,83,False
2025-05-05 13:24:44,4.1,78.7,83,False
2025-05-05 13:24:50,2.2,78.5,83,False
2025-05-05 13:24:56,5.4,78.5,83,False
2025-05-05 13:25:02,3.6,78.4,83,False
2025-05-05 13:25:08,12.3,78.2,83,False
2025-05-05 13:25:14,6.6,78.3,83,False
2025-05-05 13:25:20,3.6,78.4,83,False
2025-05-05 13:25:26,4.8,78.3,83,False
2025-05-05 13:25:32,3.9,78.3,83,False
2025-05-05 13:25:39,4.8,78.2,83,False
2025-05-05 13:25:45,5.9,78.3,83,False
2025-05-05 13:25:51,10.9,78.4,83,False
2025-05-05 13:25:57,4.2,78.7,83,False
2025-05-05 13:26:03,6.2,78.7,83,False
2025-05-05 13:26:09,5.5,78.7,83,False
2025-05-05 13:26:15,5.8,78.7,82,False
2025-05-05 13:26:21,4.0,78.7,82,False
2025-05-05 13:26:27,5.5,78.8,82,False
2025-05-05 13:26:33,3.1,78.8,82,False
2025-05-05 13:26:39,4.5,78.7,82,False
2025-05-05 13:26:45,7.8,78.2,82,False
2025-05-05 13:26:51,10.1,78.5,82,False
2025-05-05 13:26:57,3.0,77.9,82,False
2025-05-05 13:27:03,4.6,77.9,82,False
2025-05-05 13:27:09,6.7,77.9,82,False
2025-05-05 13:27:15,4.1,78.3,82,False
2025-05-05 13:27:21,5.2,78.2,82,False
2025-05-05 13:27:27,7.2,78.6,82,False
2025-05-05 13:27:33,4.7,78.8,82,False
2025-05-05 13:27:39,4.0,78.8,82,False
2025-05-05 13:27:45,9.4,78.8,82,False
2025-05-05 13:27:51,8.3,78.7,82,False
2025-05-05 13:27:57,5.2,78.5,82,False
2025-05-05 13:28:03,6.7,78.2,82,False
2025-05-05 13:28:09,5.7,78.5,82,False
2025-05-05 13:28:15,7.4,78.5,82,False
2025-05-05 13:28:21,2.8,78.0,82,False
2025-05-05 13:28:27,7.3,77.8,81,False
2025-05-05 13:28:33,13.4,78.4,81,False
2025-05-05 13:28:39,4.9,78.3,81,False
2025-05-05 13:28:45,7.2,78.3,81,False
2025-05-05 13:28:51,4.3,78.3,81,False
2025-05-05 13:28:57,2.9,78.0,81,False
2025-05-05 13:29:03,5.5,78.0,81,False
2025-05-05 13:29:09,2.5,78.0,81,False
2025-05-05 13:29:15,6.6,78.0,81,False
2025-05-05 13:29:21,2.3,78.0,81,False
2025-05-05 13:29:27,6.9,78.0,81,False
2025-05-05 13:29:33,1.7,78.0,81,False
2025-05-05 13:29:39,3.1,78.0,81,False
2025-05-05 13:29:45,13.5,78.2,81,False
2025-05-05 13:29:51,4.9,77.8,81,False
2025-05-05 13:29:57,4.4,77.0,81,False
2025-05-05 13:30:03,3.8,77.0,81,False
2025-05-05 13:30:09,3.7,77.0,81,False
2025-05-05 13:30:15,5.5,77.0,81,False
2025-05-05 13:30:21,9.8,77.2,81,False
2025-05-05 13:30:27,5.1,77.4,81,False
2025-05-05 13:30:33,11.6,77.4,81,False
2025-05-05 13:30:39,3.2,77.4,81,False
2025-05-05 13:30:45,11.2,77.4,80,False
2025-05-05 13:30:51,3.5,77.3,80,False
2025-05-05 13:30:58,5.9,77.3,80,False
2025-05-05 13:31:04,4.5,77.7,80,False
2025-05-05 13:31:10,7.0,77.7,80,False
2025-05-05 13:31:16,6.6,77.9,80,False
2025-05-05 13:31:22,13.1,77.9,80,False
2025-05-05 13:31:28,4.0,77.9,80,False
2025-05-05 13:31:34,9.0,77.9,80,False
2025-05-05 13:31:40,2.8,78.0,80,False
2025-05-05 13:31:46,11.8,77.6,80,False
2025-05-05 13:31:52,7.4,77.9,80,False
2025-05-05 13:31:58,7.8,77.9,80,False
2025-05-05 13:32:04,4.5,77.9,80,False
2025-05-05 13:32:10,5.6,77.5,80,False
2025-05-05 13:32:16,2.5,77.6,80,False
2025-05-05 13:32:22,11.1,77.7,80,False
2025-05-05 13:32:28,3.3,77.7,80,False
2025-05-05 13:32:34,3.3,77.7,80,False
2025-05-05 13:32:40,3.9,78.0,80,False
2025-05-05 13:32:46,6.6,78.0,80,False
2025-05-05 13:32:52,7.0,77.7,80,False
2025-05-05 13:32:58,7.3,77.5,80,False
2025-05-05 13:33:04,4.6,77.5,79,False
2025-05-05 13:33:10,3.7,77.2,79,False
2025-05-05 13:33:16,8.6,77.6,79,False
2025-05-05 13:33:22,12.5,78.5,79,False
